metric,value
Loss,0.6848252415657043
accuracy,0.7429130009775171
AUC,0.7047045119574002
AP,0.8407335365150959
precision,0.6994560419217954
recall,0.566595350164028
f1,0.5557557134436202
Label 0: precision,0.6486486486486487
Label 1: precision,0.7502634351949421
Label 0: recall,0.16842105263157894
Label 1: recall,0.964769647696477
Label 0: f1,0.26740947075208915
Label 1: f1,0.8441019561351512
