metric,value
Loss,0.5424051880836487
subset_acc,0.0
ex_acc,0.3955470621585846
ex_precision,0.6795670986175537
ex_recall,0.5219045877456665
ex_f1,0.5903912468734379
lab_acc_ma,0.6669180282018317
lab_acc_mi,0.6669180282081646
lab_precision_ma,0.3569566174668605
lab_precision_mi,0.6947861280845212
lab_recall_ma,0.36153009892436405
lab_recall_mi,0.5200475200472111
lab_f1_ma,0.33435087358168536
lab_f1_mi,0.5948498437285654
