metric,value
accuracy,0.30141843971631205
precision,0.15070921985815602
recall,0.5
f1,0.23160762942779292
precision_micro,0.30141843971631205
recall_micro,0.30141843971631205
f1_micro,0.30141843971631205
hamming_loss,0.6985815602836879
jaccard,0.15070921985815602
auc_macro,0.48911615407584363
auc_micro,0.48911615407584363
auc_weighted,0.48911615407584363
class_0_precision,0.0
class_0_recall,0.0
class_0_f1,0.0
loss,1.0887227952480316
