name,seq,charge,pep_mass,intensity,nce,scan_num,rt,fbr,tb,fb,mb,true_multi
YP-092,STKABDFYPQGTATSDAAEFGYED,2,1279.057610968719,40333286.38721,30,2,0.82725786,0.9130434782608695,23,21,1;23;,0;1;1;1;1;1;1;1;1;1;1;1;1;1;1;1;1;1;1;1;1;1;0
YP-092,STKABDFYPQGTATSDAAEFGYED,4,640.031853431055,10812201.61865,30,3,0.90697998,0.8695652173913043,23,20,1;18;23;,0;1;1;1;1;1;1;1;1;1;1;1;1;1;1;1;1;0;1;1;1;1;0
